Chr	Start	End	Ref	Alt	Func	Gene	GeneDetail	ExonicFunc	AAChange	cytoBand	isCandidate	isDriver	somatic_status	TR1	TR1+	TR2	TR2+	NR1	NR1+	NR2	NR2+	somaticP	variantP	Tdepth	TVAF	Ndepth	NVAF	FisherScore	EBscore	PoN-Ref	PoN-Alt	PoN-Ref-Sum	PoN-Alt-Sum	PoN-Alt-NonZeros	PoN-Ratio	cosmic70_ID	cosmic70_freq	cosmic70_type	cosmic70_score	cosmic90_MutID	cosmic90_type	cosmic90_score	CLNALLELEID	CLNDN	CLNSIG	clinvar_score	icgc29_ID	icgc29_freq	Clin_score	esp6500siv2_all	gnomAD_exome_ALL	avsnp150	SIFT_converted_rankscore	SIFT_pred	Polyphen2_HDIV_score	Polyphen2_HDIV_rankscore	Polyphen2_HDIV_pred	Polyphen2_HVAR_score	Polyphen2_HVAR_rankscore	Polyphen2_HVAR_pred
chr1	13198782	13198782	G	A	exonic	PRAMEF13	.	nonsynonymous SNV	PRAMEF13:NM_001291380:exon3:c.C412T:p.R138C	1p36.21	0	0	Germline	160	89	89	54	143	78	54	34	0.038008	1.0	249	0.3574297188755021	197	0.27411167512690354	3.0	1.251	0|226|41|0|0|56|90|0|0|0|200|0|1|0|0|17|0|0|0|47|54|47|0|0|0-33|170|48|40|6|58|47|111|0|0|143|0|88|0|30|27|7|23|15|36|38|23|5|0|0	0|0|41|0|0|0|0|0|0|0|0|0|1|0|0|17|0|0|0|0|0|0|0|0|0-0|0|40|0|0|0|0|0|0|0|0|0|0|0|0|14|0|0|0|0|0|0|0|0|0	1727	113	4	0.06543138390272148	.	0	.	0	.	.	0.0	.	.	.	0.0	.	.	0.0	.	.	.	.	.	.	.	.	.	.	.
chr1	62209973	62210002	CCTCAGGGCTGGAGGAGGAGGAGGAAGAGC	-	exonic	L1TD1	.	nonframeshift deletion	L1TD1:NM_019079:exon4:c.1199_1228del:p.P410_E419del,L1TD1:NM_001164835:exon5:c.1199_1228del:p.P410_E419del	1p31.3	0	0	Germline	59	34	29	23	82	54	23	15	0.05947	4.1494e-18	88	0.3295454545454545	105	0.21904761904761905	12.3	60.0	91|87|95|86|67|71|78|86|78|99|91|94|80|61|55|62|37|35|47|50|12|35|28|24|35-46|53|47|21|20|30|28|42|39|34|30|34|30|16|8|17|2|11|10|15|5|10|11|14|10	0|0|0|0|0|0|0|0|0|0|0|0|0|0|0|0|0|0|0|0|0|0|0|0|0-0|0|0|0|0|0|0|0|0|0|0|0|0|0|0|0|0|0|0|0|0|0|0|0|0	2167	0	0	0.0	COSM1343768	4	large_intestine	4	119590948	1x(NS@rectum)+1x(squamous_cell_carcinoma@thymus)	4.0	.	.	.	0.0	MU1778920	0.002004008016032064	20.008016032064127	0.0591	0.0426	rs532563709	.	.	.	.	.	.	.	.
chr1	103025905	103025905	T	G	exonic	COL11A1	.	nonsynonymous SNV	COL11A1:NM_080629:exon6:c.A828C:p.K276N	1p21.1	0	0	Germline	145	102	77	53	141	101	55	31	0.088604	1.4013e-45	222	0.3468468468468469	196	0.2806122448979592	0.6	1.25	214|213|227|313|90|155|172|284|154|306|195|224|292|386|197|167|106|183|194|117|111|170|230|201|153-91|106|113|121|49|75|61|130|64|132|100|80|117|104|61|67|18|44|37|35|21|43|50|38|44	0|0|0|0|45|0|64|0|61|0|195|0|0|0|0|0|0|0|0|59|0|0|0|0|0-0|0|0|0|23|0|25|0|36|0|100|0|0|0|0|0|0|0|0|11|0|0|0|0|0	6855	619	8	0.09029905178701678	.	0	.	0	126356488	8x(adenocarcinoma@colon)+8x(carcinoma@lung)	16.0	.	.	.	0.0	MU156572	0.0058823529411764705	43.764705882352935	0.0800	0.0708	rs12731843	0.089	T	0.0	0.026	B	0.0	0.013	B
chr1	108229099	108229099	T	C	exonic	NBPF4	.	nonsynonymous SNV	NBPF4:NM_001143989:exon13:c.A1481G:p.Q494R	1p13.3	0	0	Germline	348	172	189	87	313	138	127	56	0.02069	1.0	537	0.35195530726256985	440	0.28863636363636364	3.3	1.206	257|299|174|275|118|186|232|185|216|345|246|272|215|329|138|98|107|170|157|81|181|78|148|148|169-273|343|195|174|99|187|165|151|160|271|196|194|133|141|82|67|36|80|82|54|97|44|64|72|79	0|0|0|83|0|51|64|0|83|0|98|87|75|0|0|0|24|0|53|0|0|0|0|60|0-0|0|0|60|0|58|46|0|46|0|71|81|37|0|0|0|11|0|24|0|0|0|0|25|0	8263	1137	18	0.13760135543991284	.	0	.	0	106578046	4x(acute_myeloid_leukaemia@haematopoietic_and_lymphoid_tissue)+2x(basal_cell_carcinoma@skin)+4x(carcinoma@bladder)+2x(neoplasm@thyroid)+16x(squamous_cell_carcinoma@head_neck)	72.0	.	.	.	0.0	MU4550843	0.019417475728155338	182.8349514563107	.	0.1635	rs1992354	0.024	T	0.0	0.026	B	0.0	0.013	B
chr1	152156590	152156625	TGGTGGGAATCTCTGTCTTGTTTCTCAGACTGACCA	-	exonic	RPTN	.	nonframeshift deletion	RPTN:NM_001122965:exon3:c.474_509del:p.G159_H170del	1q21.3	0	0	Germline	266	190	127	88	278	195	108	79	0.1074	0.0	393	0.3231552162849873	386	0.27979274611398963	1.4	1.415	429|455|412|471|202|324|416|439|254|418|530|401|399|690|251|289|149|256|203|228|338|261|278|289|285-197|228|198|171|120|137|146|171|91|165|173|130|133|139|80|77|32|64|40|65|60|73|59|43|39	0|0|0|411|78|109|0|193|0|175|0|179|0|0|0|0|0|120|0|0|0|122|123|0|0-0|0|0|143|50|54|0|68|0|61|0|56|0|0|0|0|0|22|0|0|0|18|17|0|0	11498	1999	15	0.17385632283875455	COSM150847	15	large_intestine+stomach	15	90979309	1x(adenocarcinoma@stomach)+5x(carcinoma@thyroid)	6.0	.	.	.	0.0	MU112766297	0.0205761316872428	83.1522633744856	.	0.2534	rs765213852	.	.	.	.	.	.	.	.
chr1	161526344	161526344	C	G	exonic	HSPA6	.	nonsynonymous SNV	HSPA6:NM_002155:exon1:c.C1686G:p.D562E	1q23.3	0	0	Germline	143	95	76	48	119	84	48	34	0.12858	3.4191699999999996e-43	219	0.3470319634703196	167	0.2874251497005988	1.8	1.964	196|216|203|171|61|173|146|196|156|161|189|201|161|156|78|59|29|113|50|118|66|90|66|89|67-101|94|124|65|24|66|51|95|55|66|66|76|78|32|29|25|6|26|14|18|27|33|29|14|23	0|0|0|0|0|0|0|0|0|0|0|0|0|0|26|16|0|0|0|0|13|0|0|0|0-0|0|0|0|0|0|0|0|0|0|0|0|0|0|10|18|0|0|0|0|5|0|0|0|0	4448	88	5	0.019784172661870502	.	0	.	0	89818983	1x(adenocarcinoma@colon)+1x(adenocarcinoma@large_intestine)+1x(neoplasm@thyroid)	3.0	.	.	.	0.0	MU107277	0.0058823529411764705	17.764705882352942	0.0813	0.1049	rs753856	0.355	T	0.233	0.290	B	0.469	0.449	P
chr11	800590	800590	C	T	exonic	PIDD1	.	nonsynonymous SNV	PIDD1:NM_145886:exon12:c.G1994A:p.G665D,PIDD1:NM_145887:exon12:c.G1994A:p.G665D	11p15.5	0	0	Germline	231	150	127	90	333	241	6	4	8.933400000000001e-35	1.0	358	0.3547486033519553	339	0.017699115044247787	5.4	60.0	252|275|303|200|104|228|212|235|284|225|187|260|212|173|124|101|115|181|144|104|85|93|86|97|101-120|141|137|48|37|67|59|98|94|86|60|90|69|48|38|20|15|29|34|30|30|16|31|14|16	0|0|0|0|0|0|0|0|0|0|0|0|0|0|0|0|0|0|0|0|0|0|0|0|0-0|0|0|0|0|0|0|0|0|0|0|0|0|0|0|0|0|0|0|0|0|0|0|0|0	5808	0	0	0.0	.	0	.	0	.	.	0.0	.	.	.	0.0	.	.	0.0	.	4.169e-06	.	0.912	D	1.0	0.899	D	1.0	0.971	D
chr11	72005286	72005286	G	A	exonic	NUMA1	.	nonsynonymous SNV	NUMA1:NM_001286561:exon23:c.C5734T:p.R1912C,NUMA1:NM_006185:exon23:c.C5776T:p.R1926C	11q13.4	0	0	Germline	88	64	75	52	140	113	2	1	1.2129000000000002e-22	1.0	163	0.4601226993865031	142	0.014084507042253518	1.4	60.0	142|149|158|133|126|126|115|113|130|117|134|150|117|139|53|44|47|63|57|87|82|51|41|72|75-60|61|48|35|42|36|30|31|39|32|29|39|25|22|6|9|5|11|10|10|6|5|6|6|11	0|0|0|0|0|0|0|0|0|0|0|0|0|0|0|0|0|0|0|0|0|0|0|0|0-0|0|0|0|0|0|0|0|0|0|0|0|0|0|0|0|0|0|0|0|0|0|0|0|0	3135	0	0	0.0	.	0	.	0	95754981	6x(adenocarcinoma@large_intestine)	6.0	.	.	.	0.0	MU121105967	0.0017094017094017094	15.41880341880342	.	.	.	0.912	D	1.0	0.899	D	0.999	0.971	D
chr11	73309330	73309330	-	CTC	exonic	ARHGEF17	.	nonframeshift insertion	ARHGEF17:NM_014786:exon1:c.692_693insCTC:p.S235_I236insS	11q13.4	0	0	Germline	190	110	107	60	172	94	68	43	0.035761	1.0	297	0.3602693602693603	240	0.2833333333333333	0.9	1.436	190|211|188|124|48|131|96|153|158|145|112|116|132|87|68|56|45|73|78|71|54|43|46|64|55-132|147|133|50|30|68|49|73|67|69|50|82|77|30|29|20|18|34|36|24|15|15|10|17|23	0|71|0|0|0|49|0|0|127|0|0|0|0|0|0|0|0|0|29|0|0|0|0|0|0-1|42|0|0|0|24|0|0|40|0|0|0|0|0|0|0|0|0|13|0|0|0|0|0|0	3842	396	8	0.10307131702238416	.	0	.	0	.	.	0.0	.	.	.	0.0	.	.	0.0	0.3405	0.2086	rs113363731	.	.	.	.	.	.	.	.
chr12	27420483	27420483	G	C	exonic	ARNTL2	.	nonsynonymous SNV	ARNTL2:NM_001248003:exon15:c.G1751C:p.G584A,ARNTL2:NM_001248004:exon15:c.G1718C:p.G573A,ARNTL2:NM_001248002:exon16:c.G1820C:p.G607A,ARNTL2:NM_020183:exon17:c.G1862C:p.G621A	12p11.23	0	0	Somatic	145	81	84	49	174	111	1	1	2.4772e-23	1.0	229	0.36681222707423583	175	0.005714285714285714	1.1	60.0	116|146|150|201|95|132|142|178|110|164|195|155|157|161|90|88|72|89|79|92|67|78|82|102|103-78|83|85|97|65|64|66|74|49|86|101|63|84|62|32|45|9|20|36|23|21|31|33|33|21	0|0|0|0|0|0|0|0|0|0|0|0|0|0|0|0|0|0|0|0|0|0|0|0|0-0|0|0|0|0|0|0|0|0|0|0|0|0|0|0|0|0|0|0|0|0|0|0|0|0	4405	0	0	0.0	.	0	.	0	.	.	0.0	.	.	.	0.0	.	.	0.0	.	.	.	0.010	T	0.002	0.131	B	0.02	0.212	B
chr14	55188974	55188974	C	T	exonic	DLGAP5	.	nonsynonymous SNV	DLGAP5:NM_001146015:exon2:c.G206A:p.G69E,DLGAP5:NM_014750:exon2:c.G206A:p.G69E	14q22.3	0	0	Germline	68	52	40	32	66	47	28	24	0.17409000000000002	3.7144e-24	108	0.3703703703703704	94	0.2978723404255319	0.9	1.371	121|96|94|182|135|167|135|232|151|184|186|98|208|223|108|64|63|86|84|73|117|95|121|109|122-54|30|38|34|45|50|37|58|24|44|33|20|41|23|25|24|3|10|14|11|3|15|24|16|17	0|42|37|71|0|0|0|0|0|0|78|43|0|0|0|23|0|0|0|0|0|0|0|0|0-0|10|11|9|0|0|0|0|0|0|10|5|0|0|0|10|0|0|0|0|0|0|0|0|0	3947	349	9	0.0884215860146947	.	0	.	0	.	.	0.0	.	.	.	0.0	MU29191493	0.0024875621890547263	4.975124378109452	0.3142	0.1644	rs2274271	0.010	T	0.0	0.026	B	0.0	0.013	B
chr14	104949009	104949009	T	C	exonic	AHNAK2	.	nonsynonymous SNV	AHNAK2:NM_001350929:exon7:c.A6142G:p.T2048A,AHNAK2:NM_138420:exon7:c.A6442G:p.T2148A	14q32.33	0	0	Germline	343	189	153	62	230	125	98	34	0.41432	0.0	496	0.3084677419354839	328	0.29878048780487804	24.6	1.226	188|209|0|0|75|362|235|233|0|414|0|0|0|246|240|133|241|159|0|0|164|258|98|55|0-143|165|0|0|51|213|106|148|0|220|0|0|0|102|164|88|63|75|0|0|68|119|55|77|0	0|1|0|0|0|0|0|4|0|0|0|0|0|0|0|0|0|1|0|0|1|0|0|54|0-0|1|0|0|0|0|0|0|0|0|0|0|0|0|0|3|2|0|0|0|0|0|0|77|0	5167	144	9	0.027869169730985098	.	0	.	0	.	.	0.0	.	.	.	0.0	MU19117450	0.0058823529411764705	11.764705882352938	0.1050	0.0957	rs141736470	0.010	T	0.0	0.026	B	0.009	0.133	B
chr16	66963538	66963538	A	T	exonic	CES3	.	nonsynonymous SNV	CES3:NM_001185177:exon3:c.A335T:p.N112I,CES3:NM_024922:exon3:c.A335T:p.N112I	16q22.1	0	0	Germline	171	66	110	45	249	136	3	2	3.9693e-32	1.0	281	0.3914590747330961	252	0.011904761904761904	1.5	60.0	132|145|130|174|130|207|153|158|130|187|149|149|158|165|91|68|66|95|54|86|141|88|87|94|80-187|211|196|89|78|108|105|139|99|140|104|103|109|65|61|43|22|63|49|60|40|36|40|40|46	0|0|0|0|0|0|0|0|0|0|0|0|0|0|0|0|0|0|0|0|0|0|0|0|0-0|0|0|0|0|0|0|0|0|0|0|0|0|0|0|0|0|0|0|0|0|0|0|0|0	5350	0	0	0.0	.	0	.	0	.	.	0.0	.	.	.	0.0	.	.	0.0	.	.	.	0.538	D	0.014	0.156	B	0.102	0.293	B
chr16	72957797	72957797	-	GCC	exonic	ZFHX3	.	nonframeshift insertion	ZFHX3:NM_006885:exon2:c.2348_2349insGGC:p.A784_N785insA	16q22.3	0	0	Germline	281	183	123	93	249	173	101	72	0.34628000000000003	0.0	404	0.30445544554455445	350	0.2885714285714286	14.3	60.0	289|378|333|223|135|313|289|312|313|312|322|334|319|272|150|144|129|238|160|166|247|152|142|154|151-110|163|159|61|45|95|86|99|97|92|88|93|98|48|31|27|19|41|39|32|31|46|33|31|32	0|0|0|0|0|1|0|0|1|0|0|0|0|0|0|0|0|0|0|0|0|0|0|0|0-0|0|0|0|0|0|0|0|0|0|0|0|0|0|0|0|0|0|0|0|0|0|0|0|0	7673	2	2	0.00026065424214779094	.	0	.	0	.	.	0.0	.	.	.	0.0	.	.	0.0	.	0.0031	rs757316139	.	.	.	.	.	.	.	.
chr17	7675122	7675122	T	C	exonic	TP53	.	nonsynonymous SNV	TP53:NM_001126115:exon1:c.A94G:p.K32E,TP53:NM_001126116:exon1:c.A94G:p.K32E,TP53:NM_001126117:exon1:c.A94G:p.K32E,TP53:NM_001276697:exon1:c.A13G:p.K5E,TP53:NM_001276698:exon1:c.A13G:p.K5E,TP53:NM_001276699:exon1:c.A13G:p.K5E,TP53:NM_001126118:exon4:c.A373G:p.K125E,TP53:NM_000546:exon5:c.A490G:p.K164E,TP53:NM_001126112:exon5:c.A490G:p.K164E,TP53:NM_001126113:exon5:c.A490G:p.K164E,TP53:NM_001126114:exon5:c.A490G:p.K164E,TP53:NM_001276695:exon5:c.A373G:p.K125E,TP53:NM_001276696:exon5:c.A373G:p.K125E,TP53:NM_001276760:exon5:c.A373G:p.K125E,TP53:NM_001276761:exon5:c.A373G:p.K125E	17p13.1	1	1	Somatic	129	81	259	167	514	317	3	3	0.0	1.0	388	0.6675257731958762	517	0.005802707930367505	0.8	60.0	332|370|365|297|171|306|360|415|410|308|313|404|370|317|158|139|188|207|170|176|245|160|150|192|176-257|275|276|141|145|177|175|194|200|207|176|196|205|130|66|75|60|89|63|107|73|64|55|61|93	0|0|0|0|0|0|0|0|0|0|0|0|0|0|0|0|0|0|0|0|0|0|0|0|0-0|0|0|0|0|0|0|0|0|0|0|0|0|0|0|0|0|0|0|0|0|0|0|0|0	10259	0	0	0.0		15	large_intestine+liver+urinary_tract+breast+ovary+lung+central_nervous_system	15	142589276	38x(acute_myeloid_leukaemia@haematopoietic_and_lymphoid_tissue)+19x(adenocarcinoma@large_intestine)+19x(adenocarcinoma@lung)+57x(adenocarcinoma@rectum)+19x(adenocarcinoma@stomach)+38x(astrocytoma_Grade_IV@brain)+38x(carcinoma@breast)+19x(carcinoma@rectum)+19x(carcinosarcoma-malignant_mesodermal_mixed_tumour@ovary)+19x(hepatocellular_carcinoma@liver)+19x(mucinous@ovary)+19x(myelodysplastic_syndrome@haematopoietic_and_lymphoid_tissue)+19x(neoplasm@ovary)+57x(serous_carcinoma@ovary)+19x(squamous_cell_carcinoma@lung)+38x(transitional_cell_carcinoma@bladder)	1026.0	245075	Li-Fraumeni_syndrome|not_specified	Uncertain_significance	2.0	MU595672	0.0034602076124567475	2092.9204152249135	.	.	rs879254249	0.912	D	0.986	0.899	D	0.934	0.850	D
chr17	31226459	31226459	-	C	exonic	NF1	.	frameshift insertion	NF1:NM_000267:exon18:c.2027dupC:p.I679Dfs*21,NF1:NM_001042492:exon18:c.2027dupC:p.I679Dfs*21	17q11.2	1	1	Germline	106	90	72	62	181	151	2	2	8.640499999999998e-24	1.0	178	0.4044943820224719	183	0.01092896174863388	0.0	15.654000000000002	178|199|184|204|109|170|186|208|172|189|230|170|210|251|105|98|76|134|117|103|118|119|100|114|132-22|41|36|28|31|20|24|41|20|26|32|27|34|18|7|9|1|5|3|10|6|5|5|6|14	0|0|0|1|0|0|0|0|0|0|0|0|0|0|0|0|2|0|0|0|0|1|0|0|0-0|0|0|0|0|0|0|0|0|1|0|0|0|0|0|0|0|0|0|0|0|0|0|0|0	4347	5	4	0.0011502185415228894	COSM1235317,COSM1382061	3	haematopoietic_and_lymphoid_tissue+large_intestine	18	.	.	0.0	151227	Hereditary_cancer-predisposing_syndrome|Neurofibromatosis,_type_1|not_provided	Pathogenic	4.0	.	.	44.0	.	1.631e-05	rs587781807	.	.	.	.	.	.	.	.
chr17	35441918	35441918	C	T	exonic	SLFN13	.	nonsynonymous SNV	SLFN13:NM_144682:exon5:c.G1567A:p.A523T	17q12	0	0	Germline	369	318	168	141	277	240	88	82	0.011261	1.0	537	0.3128491620111732	365	0.2410958904109589	2.9	1.382	450|453|473|257|131|221|222|431|238|297|329|288|300|315|188|185|101|192|164|219|191|170|153|172|158-71|71|62|15|13|17|16|26|21|23|25|28|20|9|12|11|1|5|2|5|4|7|4|3|3	0|0|0|66|69|0|0|0|0|0|0|80|84|0|45|57|0|0|0|0|53|0|0|0|0-0|0|0|7|5|0|0|0|0|0|0|11|4|0|3|3|0|0|0|0|0|0|0|0|0	6772	487	12	0.0719137625516834	.	0	.	0	131071169	20x(acute_myeloid_leukaemia@haematopoietic_and_lymphoid_tissue)+40x(adenocarcinoma@lung)+5x(carcinoma@lung)+5x(mixed_adenosquamous_carcinoma@lung)+5x(neoplasm@thyroid)+5x(non_small_cell_carcinoma@lung)+5x(squamous_cell_carcinoma@cervix)+30x(squamous_cell_carcinoma@head_neck)+10x(squamous_cell_carcinoma@lung)	345.0	.	.	.	0.0	MU4564149	0.011764705882352941	713.5294117647059	.	0.1907	rs7214751	0.102	T	0.038	0.244	B	0.016	0.166	B
chr17	41524950	41524950	C	T	exonic	KRT19	.	nonsynonymous SNV	KRT19:NM_002276:exon3:c.G553A:p.G185S	17q21.2	0	0	Somatic	223	156	129	89	346	252	0	0	2.8026e-45	1.0	352	0.3664772727272727	346	0.0	0.4	60.0	274|315|294|319|167|293|365|325|242|329|362|328|348|375|163|137|183|190|139|175|317|167|165|181|222-122|130|116|85|71|98|99|104|82|99|87|101|109|75|29|36|18|32|37|52|24|37|36|26|35	0|1|0|0|0|0|0|0|0|0|0|0|0|0|0|0|0|0|0|0|0|0|0|0|0-0|0|0|0|0|0|0|0|0|0|0|0|0|0|0|0|0|0|0|0|0|0|0|0|0	8115	1	1	0.00012322858903265557	.	0	.	0	.	.	0.0	.	.	.	0.0	MU118112606	0.01	20.0	.	4.064e-06	.	0.465	D	0.986	0.899	D	0.641	0.754	P
chr17	63689559	63689559	C	T	exonic	MAP3K3	.	nonsynonymous SNV	MAP3K3:NM_001330431:exon11:c.C875T:p.P292L,MAP3K3:NM_002401:exon11:c.C887T:p.P296L,MAP3K3:NM_203351:exon12:c.C980T:p.P327L	17q23.3	0	0	Somatic	98	85	48	42	142	117	0	0	7.045299999999998e-17	1.0	146	0.3287671232876712	142	0.0	0.0	60.0	140|168|180|161|129|160|176|168|130|167|180|158|153|161|96|75|77|88|78|74|115|99|74|96|80-33|31|35|25|40|25|19|19|28|33|18|24|18|16|7|4|1|2|2|7|1|7|2|1|7	0|0|0|0|0|0|0|0|0|0|0|0|0|0|0|0|0|0|0|0|0|0|0|0|0-0|0|0|0|0|0|0|0|0|0|0|0|0|0|0|0|0|0|0|0|0|0|0|0|0	3588	0	0	0.0	.	0	.	0	.	.	0.0	.	.	.	0.0	.	.	0.0	.	.	.	0.784	D	1.0	0.899	D	1.0	0.971	D
chr17	80190777	80190777	T	A	exonic	CARD14	.	nonsynonymous SNV	CARD14:NM_052819:exon4:c.T256A:p.W86R,CARD14:NM_001257970:exon7:c.T967A:p.W323R,CARD14:NM_024110:exon7:c.T967A:p.W323R	17q25.3	0	0	Somatic	57	43	43	31	97	82	1	1	1.5688e-14	1.0	100	0.43	98	0.010204081632653059	0.9	60.0	116|88|106|116|82|115|114|132|121|126|100|117|112|99|52|44|53|43|41|48|55|58|36|48|61-31|33|30|17|15|21|25|19|22|25|15|16|31|15|10|9|3|6|6|5|6|6|5|5|4	0|0|0|0|0|0|0|0|0|0|0|0|0|0|0|0|0|0|0|0|0|0|0|0|0-0|0|0|0|0|0|0|0|0|0|0|0|0|0|0|0|0|0|0|0|0|0|0|0|0	2463	0	0	0.0	.	0	.	0	.	.	0.0	.	.	.	0.0	.	.	0.0	.	.	.	0.538	D	0.974	0.670	D	0.497	0.663	P
chr19	43914156	43914156	C	T	exonic	ZNF45	.	nonsynonymous SNV	ZNF45:NM_003425:exon10:c.G1280A:p.R427H	19q13.31	0	0	Somatic	167	102	93	58	257	150	0	0	7.6021e-33	1.0	260	0.3576923076923077	257	0.0	0.5	60.0	204|200|217|252|170|175|239|236|148|212|235|202|252|279|142|117|113|143|107|115|136|141|137|163|149-126|122|152|90|91|85|88|124|79|108|117|115|100|84|44|49|20|49|45|41|57|44|39|47|50	0|1|0|0|0|0|0|0|0|0|0|0|0|0|0|0|0|0|0|0|0|0|0|0|0-0|0|0|0|0|0|0|0|0|0|0|0|0|0|0|0|0|0|0|0|0|0|0|0|0	6450	1	1	0.00015503875968992252	.	0	.	0	.	.	0.0	.	.	.	0.0	.	.	0.0	.	4.064e-06	rs754830379	0.056	T	0.06	0.217	B	0.007	0.121	B
chr2	106433258	106433258	C	G	exonic	RGPD3	.	nonsynonymous SNV	RGPD3:NM_001144013:exon16:c.G2233C:p.E745Q	2q12.2	0	0	Germline	159	64	72	47	148	71	54	32	0.18205	2.69049e-43	231	0.3116883116883117	202	0.2673267326732673	32.2	1.033	84|138|195|122|145|196|217|241|135|210|271|211|167|173|72|140|55|144|72|64|104|126|108|121|119-110|151|171|97|84|138|146|178|97|143|245|143|146|115|58|94|23|71|66|62|62|87|58|64|66	0|51|40|0|31|52|51|0|34|0|70|0|49|44|0|0|0|0|0|0|22|33|39|37|0-0|30|34|0|16|25|31|0|31|0|57|0|32|24|0|0|0|0|0|0|11|22|20|21|0	6305	907	22	0.14385408406026962	.	0	.	0	86304042	10x(adenocarcinoma@colon)+2x(adenocarcinoma@right_upper_lobe)+6x(astrocytoma_Grade_IV@brain)+1x(carcinoma@breast)+2x(ductal_carcinoma@pancreas)+28x(squamous_cell_carcinoma@head_neck)+4x(squamous_cell_carcinoma@skin)	53.0	.	.	.	0.0	.	.	106.0	.	0.2633	rs62152468	0.282	T	0.516	0.356	P	0.032	0.208	B
chr3	28253012	28253012	A	-	exonic	CMC1	.	frameshift deletion	CMC1:NM_001331185:exon2:c.43delA:p.K15Rfs*2	3p24.1	0	0	Germline	101	86	50	41	113	93	41	33	0.13278	1.4635e-31	151	0.3311258278145696	154	0.2662337662337662	1.9	1.208	156|171|77|234|128|189|205|304|158|254|316|195|186|259|126|128|91|134|134|127|140|143|160|137|122-49|28|22|50|45|40|34|69|45|58|54|52|38|39|19|19|4|14|14|22|12|16|31|22|17	0|61|75|91|0|0|0|0|0|0|0|0|67|91|47|0|27|0|0|0|0|0|0|0|35-0|10|22|12|0|0|0|0|0|0|0|0|7|18|2|0|1|0|0|0|0|0|0|0|8	5087	574	15	0.11283664242185965	.	0	.	0	.	.	0.0	.	.	.	0.0	.	.	0.0	.	.	rs35600760	.	.	.	.	.	.	.	.
chr3	108576288	108576288	G	T	exonic	KIAA1524	.	nonsynonymous SNV	KIAA1524:NM_020890:exon8:c.C877A:p.P293T	3q13.13	0	0	Germline	97	83	48	37	91	75	37	34	0.26909	1.0810999999999996e-29	145	0.3310344827586207	128	0.2890625	6.1	2.669	150|162|179|179|92|107|128|235|104|170|154|134|180|190|114|99|72|100|93|75|62|96|124|113|89-36|41|56|38|32|25|38|50|33|31|43|35|30|32|17|16|4|7|17|6|11|17|11|12|12	0|0|0|64|0|0|0|0|0|0|36|0|0|0|0|0|0|0|0|0|0|0|0|0|0-0|0|0|12|0|0|0|0|0|0|8|0|0|0|0|0|0|0|0|0|0|0|0|0|0	3851	120	4	0.031160737470786813	.	0	.	0	.	.	0.0	.	.	.	0.0	.	.	0.0	0.0138	0.0139	rs116097126	0.262	T	0.876	0.462	P	0.409	0.430	B
chr3	193457422	193457422	G	A	exonic	ATP13A4	.	nonsynonymous SNV	ATP13A4:NM_032279:exon15:c.C1718T:p.P573L	3q29	0	0	Somatic	136	91	63	47	226	170	0	0	3.511e-24	1.0	199	0.3165829145728643	226	0.0	4.9	60.0	212|213|212|294|124|226|224|231|160|258|266|243|244|313|135|152|151|172|132|124|176|158|174|159|176-66|86|88|57|58|58|64|67|61|73|74|67|73|61|42|40|16|22|32|29|31|26|24|29|24	0|0|0|0|0|0|0|0|0|0|0|0|0|0|0|0|0|0|0|0|0|0|0|0|0-0|0|0|0|0|0|0|0|0|0|0|0|0|0|0|0|0|0|0|0|0|0|0|0|0	6197	0	0	0.0	COSM1642207	1	stomach	1	98101851	2x(adenocarcinoma@lung)+2x(adenocarcinoma@stomach)	4.0	.	.	.	0.0	MU91739252	0.001968503937007874	13.937007874015748	.	3.655e-05	rs763560145	0.262	T	0.008	0.190	B	0.009	0.154	B
chr4	8867937	8867937	G	T	exonic	HMX1	.	nonsynonymous SNV	HMX1:NM_018942:exon2:c.C803A:p.A268E	4p16.1	0	0	Somatic	107	74	86	57	219	163	2	2	1.1444e-31	1.0	193	0.44559585492227977	221	0.00904977375565611	1.2	60.0	184|157|184|98|46|133|109|123|121|111|78|107|65|66|46|26|37|52|49|51|54|32|38|54|26-82|72|81|22|11|19|23|25|36|27|23|25|18|12|9|14|5|9|5|9|7|6|0|3|4	0|0|0|0|0|0|0|0|0|0|0|0|0|0|0|0|0|0|0|0|0|0|0|0|0-0|0|0|0|0|0|0|0|0|0|0|0|0|0|0|0|0|0|0|0|0|0|0|0|0	2594	0	0	0.0	.	0	.	0	.	.	0.0	.	.	.	0.0	.	.	0.0	.	.	.	0.496	D	0.999	0.764	D	0.972	0.710	D
chr5	55956103	55956103	G	C	exonic	IL6ST	.	nonsynonymous SNV	IL6ST:NM_001190981:exon10:c.C1189G:p.L397V,IL6ST:NM_002184:exon10:c.C1189G:p.L397V	5q11.2	0	0	Germline	67	49	38	30	89	69	29	27	0.040753	1.0	105	0.3619047619047619	118	0.2457627118644068	1.9	1.22	150|113|149|245|93|179|188|205|143|150|192|155|233|225|124|98|115|128|78|109|87|114|110|120|122-49|32|38|55|40|45|35|35|39|16|31|30|40|34|11|21|6|13|19|8|10|14|12|9|14	0|41|0|0|40|0|0|66|0|150|83|0|0|0|0|0|0|0|0|0|32|0|0|0|0-0|12|0|0|15|0|0|12|0|16|12|0|0|0|0|0|0|0|0|0|2|0|0|0|0	4281	481	10	0.1123569259518804	.	0	.	0	91319545	24x(haemangioblastoma@blood_vessel)	24.0	.	.	.	0.0	MU67364472	0.003115264797507788	54.230529595015575	0.1868	0.1187	rs2228043	0.129	T	0.0	0.026	B	0.0	0.013	B
chr6	123377874	123377874	A	C	exonic	TRDN	.	nonsynonymous SNV	TRDN:NM_001251987:exon17:c.T1214G:p.V405G,TRDN:NM_006073:exon17:c.T1211G:p.V404G	6q22.31	0	0	Germline	54	26	34	7	72	37	30	7	0.11754	8.8902e-23	88	0.3863636363636364	102	0.29411764705882354	19.0	1.237	60|52|83|219|54|109|63|147|95|163|126|80|131|140|81|83|29|80|79|34|40|79|90|80|71-86|87|104|95|27|55|45|107|71|98|103|62|68|59|54|48|14|37|30|33|23|33|39|19|32	6|16|0|0|22|0|16|45|0|0|0|0|0|0|0|0|8|0|0|10|8|0|0|0|17-34|37|0|0|9|0|19|52|0|0|0|0|0|0|0|0|5|0|0|21|6|0|0|0|17	3697	348	17	0.09413037598052476	.	0	.	0	93342830	1x(adenocarcinoma@large_intestine)	1.0	229402	Catecholaminergic_polymorphic_ventricular_tachycardia|not_specified|Cardiovascular_phenotype	Benign/Likely_benign	1.25	MU9285695	0.0024875621890547263	9.475124378109452	0.1587	0.1535	rs28494009	0.632	D	0.047	0.206	B	0.018	0.173	B
chr7	100993760	100993760	C	A	exonic	MUC12	.	nonsynonymous SNV	MUC12:NM_001164462:exon2:c.C3197A:p.T1066K	7q22.1	0	0	Germline	105	93	59	35	105	102	44	23	0.13746	4.0527999999999995e-36	164	0.3597560975609756	149	0.2953020134228188	45.9	1.492	158|86|146|108|49|86|42|132|119|99|164|95|86|87|71|44|35|62|52|28|70|38|61|50|55-99|1|5|21|5|27|18|33|30|0|0|19|31|36|33|12|0|28|8|0|0|8|10|0|10	0|0|0|0|14|0|42|0|0|0|0|0|0|0|0|23|0|0|0|0|0|0|0|0|0-0|0|0|0|5|0|18|0|0|0|0|0|0|0|0|12|0|0|0|0|0|0|0|0|0	2457	114	6	0.0463980463980464	.	0	.	0	131558809	4x(carcinoma@thyroid)+6x(squamous_cell_carcinoma@head_neck)	10.0	.	.	.	0.0	MU26264780	0.02	60.0	.	0.2592	rs200567764	0.486	D	.	.	.	.	.	.
chr7	143756373	143756373	T	C	exonic	CTAGE6	.	nonsynonymous SNV	CTAGE6:NM_178561:exon1:c.A1286G:p.Q429R	7q35	0	0	Germline	163	95	82	44	216	143	43	30	8.520700000000001e-06	1.0	245	0.3346938775510204	259	0.16602316602316602	3.0	2.776	261|78|218|383|225|178|346|241|139|465|360|155|320|497|297|60|151|276|179|114|264|250|167|225|210-136|36|156|137|70|56|117|109|68|193|133|60|126|111|94|32|24|71|72|45|53|63|59|42|40	0|0|44|0|0|0|0|0|0|0|0|47|0|0|0|0|0|0|0|0|0|0|0|0|0-0|0|37|0|0|0|0|0|0|0|0|16|0|0|0|0|0|0|0|0|0|0|0|0|0	8162	144	4	0.017642734623866698	.	0	.	0	117410555	1x(squamous_cell_carcinoma@head_neck)	1.0	.	.	.	0.0	.	.	2.0	.	0.0052	rs200305011	.	.	0.007	0.131	B	0.023	0.188	B
chr7	143756374	143756374	G	C	exonic	CTAGE6	.	nonsynonymous SNV	CTAGE6:NM_178561:exon1:c.C1285G:p.Q429E	7q35	0	0	Germline	164	94	80	43	218	146	42	29	9.6418e-06	1.0	244	0.3278688524590164	260	0.16153846153846155	1.7	2.766	260|76|218|379|225|178|342|238|139|456|357|157|315|493|300|59|152|276|178|115|265|246|167|224|207-143|39|158|140|73|59|120|113|73|203|143|62|133|119|99|34|22|71|78|46|55|68|59|43|43	0|0|45|0|0|0|0|0|0|0|0|48|0|0|0|0|0|0|0|0|0|0|0|0|0-0|0|36|0|0|0|0|0|0|0|0|16|0|0|0|0|0|0|0|0|0|0|0|0|0	8218	145	4	0.017644195668045752	.	0	.	0	117410558	1x(carcinoma@mouth)+1x(squamous_cell_carcinoma@head_neck)	2.0	.	.	.	0.0	MU28525209	0.0056179775280898875	15.235955056179776	.	0.0048	rs573701141	.	.	0.0	0.026	B	0.0	0.013	B
chr9	33796693	33796695	GAG	-	exonic	PRSS3	.	nonframeshift deletion	PRSS3:NM_001197098:exon2:c.70_72del:p.E25del,PRSS3:NM_002771:exon2:c.91_93del:p.E32del,PRSS3:NM_007343:exon2:c.262_264del:p.E89del,PRSS3:NM_001197097:exon3:c.133_135del:p.E46del	9p13.3	0	0	Germline	265	216	133	105	245	195	102	91	0.13574	0.0	398	0.3341708542713568	347	0.29394812680115273	2.3	1.145	336|452|418|436|199|345|388|449|284|331|614|373|502|410|247|228|219|321|217|285|365|316|350|314|344-96|92|106|67|94|72|63|67|87|74|96|91|74|63|28|34|12|22|25|21|28|32|26|26|21	0|0|115|129|70|204|121|0|0|0|0|0|127|0|0|0|0|72|68|0|0|0|83|0|91-0|0|31|28|33|51|16|0|0|0|0|0|22|0|0|0|0|7|5|0|0|0|7|0|7	10160	1287	18	0.1266732283464567		2	large_intestine+skin	2	101549644	8x(adenocarcinoma@caecum)+8x(adenocarcinoma@colon)+16x(astrocytoma_Grade_IV@brain)+4x(carcinoma@breast)+4x(malignant_melanoma@skin)+4x(neoplasm@thyroid)	44.0	.	.	.	0.0	.	.	92.0	0.1367	0.1724	rs143332708	.	.	.	.	.	.	.	.
chr9	113283456	113283456	A	G	exonic	PRPF4	.	nonsynonymous SNV	PRPF4:NM_001244926:exon6:c.A628G:p.M210V,PRPF4:NM_004697:exon6:c.A631G:p.M211V	9q32	0	0	Somatic	97	68	49	28	158	116	1	1	4.214e-17	1.0	146	0.3356164383561644	159	0.006289308176100629	8.5	60.0	117|163|123|218|101|176|177|162|145|162|206|161|182|214|81|86|72|84|78|70|113|115|86|113|109-68|64|59|61|41|54|52|75|47|65|54|58|42|31|20|31|4|13|20|10|14|16|15|20|24	0|0|0|0|0|0|0|0|0|0|0|0|0|0|0|0|0|0|0|0|0|0|0|0|0-0|0|0|0|0|0|0|0|0|0|0|0|0|0|0|0|0|0|0|0|0|0|0|0|0	4272	0	0	0.0	.	0	.	0	.	.	0.0	.	.	.	0.0	.	.	0.0	.	.	.	0.265	T	0.004	0.112	B	0.001	0.040	B
chr9	133071561	133071561	T	G	exonic	CEL	.	nonsynonymous SNV	CEL:NM_001807:exon11:c.T2068G:p.S690A	9q34.13	0	0	Somatic	21	19	77	76	3	2	0	0	0.012145	1.0	98	0.7857142857142857	3	0.0	9.4	2.315	107|129|187|95|23|79|3|80|96|123|127|44|68|22|48|28|33|40|24|64|20|42|19|41|27-2|0|3|4|0|2|0|2|0|1|0|0|0|0|0|0|0|0|0|0|1|0|0|0|0	0|0|0|0|0|0|0|0|0|0|0|0|22|0|0|4|0|17|0|0|0|0|1|0|11-0|0|0|0|0|0|0|0|0|0|0|0|0|0|0|0|0|0|0|0|0|0|0|0|0	1584	55	5	0.034722222222222224	.	0	.	0	.	.	0.0	.	.	.	0.0	.	.	0.0	.	0.0002	rs657704	0.912	D	0.841	0.445	P	0.661	0.510	P
chrX	156010159	156010159	A	G	exonic	IL9R	.	nonsynonymous SNV	IL9R:NM_002186:exon9:c.A1316G:p.N439S	Xq28	0	0	Germline	25	17	34	26	36	22	15	12	0.0025876	1.0	59	0.576271186440678	51	0.29411764705882354	2.5	1.137	43|36|49|38|0|36|36|38|44|48|16|52|15|44|13|7|1|21|14|15|20|6|17|19|19-14|22|30|15|1|12|12|14|26|9|14|10|6|15|3|0|1|2|1|8|7|4|3|6|4	17|16|0|0|0|0|20|0|0|0|0|2|0|21|0|0|0|21|0|6|0|0|0|19|2-7|10|2|1|1|0|6|1|0|0|0|1|1|6|1|0|0|2|0|4|0|1|0|6|0	886	174	22	0.1963882618510158	COSM1645957,COSM1138111	3	kidney+central_nervous_system+NS	3	96808153	2x(astrocytoma_Grade_IV@brain)+2x(clear_cell_renal_cell_carcinoma@kidney)+2x(malignant_melanoma@skin)+12x(squamous_cell_carcinoma@head_neck)	18.0	.	.	.	0.0	.	.	42.0	.	0.1646	rs200413398	0.245	T	.	.	.	.	.	.
chrX	156010162	156010162	A	G	exonic	IL9R	.	nonsynonymous SNV	IL9R:NM_002186:exon9:c.A1319G:p.N440S	Xq28	0	0	Germline	24	16	34	26	36	23	15	12	0.0019492	1.0	58	0.5862068965517241	51	0.29411764705882354	2.6	1.42	44|36|49|38|0|38|37|39|46|47|18|49|16|44|13|7|2|20|14|16|21|6|18|19|16-13|23|32|14|0|12|12|16|23|11|14|10|6|15|2|0|0|2|1|5|7|1|3|5|6	18|16|0|0|0|0|21|0|0|0|0|0|0|20|0|0|0|20|0|6|0|0|0|19|0-6|10|0|0|0|0|6|0|0|0|0|0|0|5|0|0|0|2|0|1|0|0|0|5|0	886	155	11	0.17494356659142213	COSM1645956,COSM1138112	1	kidney	1	96808174	2x(clear_cell_renal_cell_carcinoma@kidney)+12x(squamous_cell_carcinoma@head_neck)	14.0	.	.	.	0.0	.	.	30.0	.	0.1580	rs150178903	0.010	T	.	.	.	.	.	.
