,UPN,Gene_Name,Chr,hg19,Pos,fwd_seq,fwd_tmp,rev_seq,rev_tmp,prod_size
0,UPN058,ABL1,9,133748330,130872943,GGGAGCCCCCGTTCTATATC,59.09676385447085,TGAGTGGCCATGTACAGCAG,60.0361047601711,117
105,UPN200,JAK2,9,5073770 G,5073770,GCAGCAAGTATGATGAGCAAGC,60.54117816885628,AGATGCTCTGAGAAAGGCATT,57.35149285325349,119
106,UPN341,JAK2,9,5073770 G,5073770,GCAGCAAGTATGATGAGCAAGC,60.54117816885628,AGATGCTCTGAGAAAGGCATT,57.35149285325349,119
107,UPN407,JAK2,9,5073770 G,5073770,GCAGCAAGTATGATGAGCAAGC,60.54117816885628,AGATGCTCTGAGAAAGGCATT,57.35149285325349,119
110,UPN066,NOTCH1,9,139391253 C,136496801,ATGCCATGCTGCAGGGAG,60.123854308182445,GGGTCCACCAGTTTGAATGG,58.7431876458009,139
111,UPN305,NOTCH1,9,139390641 G,136496189,ATCTGGGACTGCATGCTGG,59.77345816579435,CAGCTACAGGTGCCTGAGC,60.44924634424456,139
112,UPN415,NOTCH1,9,139399229 C,136504777,CACCAGGGAGCAGCGAGG,62.4638789550969,ACGGCCAGCAGATGATCTTC,60.1790618901079,134
113,UPN419,NOTCH1,9,139390899 CG,136496447,AGAATAGTGTGCACCGCCAG,60.39166055501022,CCACCACCACCACCACAG,60.20333671210278,139
114,UPN429,NOTCH1,9,139397745 C,136503293,GTAGGGGATGTTGAGGCTGC,60.46455393439271,CAGCTCCATCGTCTACCTGG,59.61279847535309,132
1,UPN038,ASXL1,20,31023084,32435281,AACTGGCCAAGCTCTTGACA,59.81650843582338,CATGAGCCACCAAGCCCTAA,60.03418608094097,137
2,UPN053,ASXL1,20,31022363,32434560,TTACCAGATATGCCCCCGGA,60.10488198744531,CTATGGCAGTGGTGACCTCTC,59.86212802701027,131
3,UPN129,ASXL1,20,31022637,32434834,CACCCCTGGAAAGTGTACGT,59.604688457340956,GCAGGTCCTCTCTCCTAGCT,60.10621745771721,118
4,UPN143,ASXL1,20,31022441,32434638,GGCGAGAGGTCACCACTG,59.737085077995175,CCTCACCACCATCACCACTG,60.321919296751275,133
5,UPN168,ASXL1,20,31022609,32434806,AGCACCCCTGGAAAGTGTAC,59.59940639526519,AGCTCTGGACATGGCAGTTC,60.03562973326797,104
6,UPN224,ASXL1,20,31022441,32434638,GGCGAGAGGTCACCACTG,59.737085077995175,CCTCACCACCATCACCACTG,60.321919296751275,133
7,UPN260,ASXL1,20,31022402,32434599,ATCATCCCCACCACGGAGTC,61.33813614782042,CTCCGATGGCAGTGGTGG,60.1249834590692,138
8,UPN260,ASXL1,20,31022441,32434638,GGCGAGAGGTCACCACTG,59.737085077995175,CCTCACCACCATCACCACTG,60.321919296751275,133
9,UPN284,ASXL1,20,31023958,32436155,AGAAGGTTCTTCCACCAGCC,59.59787947620498,GCTTCCATCAACCATGCCAC,59.82583832718689,139
10,UPN291,ASXL1,20,31024072,32436269,GTGGCATGGTTGATGGAAGC,59.82583832718689,TTCTTTTGGGGTGCTCCAGG,60.17896398666767,132
11,UPN337,ASXL1,20,31022592,32434789,CAGTGGTGATGGTGGTGAGG,60.321919296751275,GGGTATGCTCCCCATTTAGAGG,59.959588424910976,130
12,UPN343,ASXL1,20,31022286,32434483,AGGTCAGATCACCCAGTCAGT,60.203237116175444,GACTCCGTGGTGGGGATG,59.41539229897353,139
13,UPN372,ASXL1,20,31022441,32434638,GGCGAGAGGTCACCACTG,59.737085077995175,CCTCACCACCATCACCACTG,60.321919296751275,133
14,UPN376,ASXL1,20,31023598,32435795,TCCACGGATACAGCCTCTGA,60.03350267459956,ACAGTGGGGCAGATTGGTTC,60.251341366780025,138
15,UPN415,ASXL1,20,31024546,32436743,TTCCTGCTGAGATCCCTCCA,59.956817091397056,CTTGACGCTGCCAACAAAGG,60.31810664184792,130
16,UPN355,ATRX,X,76778798,77523320,GCTTCATACTCAGCCCAAGC,58.97956309174663,ACTTGCAGAGCTCCTTCAGA,58.653938038949434,131
17,UPN312,BCOR,X,39933036,40073783,AACTCCGCTGCTGTGGTATC,60.10813753478658,CATCAGCACTGCTCCCTCAT,59.8193581391443,121
18,UPN192,BCORL1,X,129147830,130013854,CTCCCATGCCAGCATCCAC,60.82692051649565,CACCGGTGTAGGAGCAAAGG,60.67364440822365,127
109,UPN287,KDM6A,X,44970628 C,45111383,AGCAGACTATATGTTTGTAGCCA,57.385675868874614,AGGTCTCATTTAATGTCCATGGA,57.28456134021343,134
115,UPN332,PHF6,X,133527533 G,134393503,ACAGCCTTAGAAAGTCACATACT,57.253009847083206,GCAATGCACAGTGGTAGTGG,59.47692778160916,139
137,UPN194,STAG2,X,123156506 A,124022656,TTGAGGTGTTCCAGAAGATGAT,57.083959301053255,AGTTAATGCATTCCCCATTTTGTG,58.5098406827957,139
197,UPN095,ZRSR2,X,15833949,15815826,ACTATGACCCTGACGCAAGC,60.10813753478658,TCCCCACGTTCTTGAACTCG,59.96704765653698,101
198,UPN260,ZRSR2,X,15841025,15822902,CTGGCTCCTCCTTTGGGAAG,60.03467042380777,GGAGTGGTCTGGACTAGGGT,59.958613627380714,106
199,UPN355,ZRSR2,X,15821864,15803741,GGCAAAGATTACATGAGGAGTGG,59.370601888244266,TCTTGCCGTTTTTTAGCCGC,60.03988769046953,99
200,UPN415,ZRSR2,X,15821911,15803788,TGAGGAGTGGTTGCTAAGAGAG,59.17148024508157,TCAGTTTGTTCACTAGTTACGTGA,58.10631305976898,132
19,UPN259,CBL,11,119149245,119278535,TGCATCTGTTACTATCTTTTGCTTC,57.92315786974666,ACGGATCTACCACGATGGGT,60.39669517710553,105
20,UPN332,CBL,11,119149239,119278529,AGATGCATCTGTTACTATCTTTTGC,57.743244062899066,ACGGATCTACCACGATGGGT,60.39669517710553,108
21,UPN395,CBL,11,119148991,119278281,ATGGGCTCCACATTCCAACT,59.293567328432744,AGCTGAAAAAAGTCGCTGTTT,57.217111167409655,138
22,UPN398,CBLB,3,105452852,105734008,AGCACTTACCAGCATTACTTCCT,59.73555047228376,GTGGGCATTTGATGTGCACC,60.39020927547301,139
23,UPN076,CUX1,7,101844832,102201552,CACCACTGTCCCAGAGTGAC,59.965941350098205,TCTTCAGGGAGATGGCGAGA,60.03310933741176,104
95,UPN041,EZH2,7,148516765 G,148819673,CCACAAGGTTTGTTGTCTAGAGC,59.74899633382779,TGGAACTGGAAGAGTGAAAAAGT,58.14465972946152,139
96,UPN287,EZH2,7,148508776 C,148811684,ACCTCTCCACAGTATTCTGAGA,57.676430654272394,CACCCTCCTTTTTTGATGATGTGA,59.47605744527965,139
97,UPN366,EZH2,7,148506443 C,148809351,TCTCACGTCAAAGGTACCTACC,59.178030903738374,TCACTGGGCTGTGCTTACTT,59.23511015032403,133
98,UPN423,EZH2,7,148523562 A,148826470,AGCACTCTCCAAGCTGCTTT,59.88989622312948,AGCTTACACTCCTTTCATACGCT,59.80417535891263,139
100,UPN228,IKZF1,7,50467821 G,50400123,GGTTCCGAGGTGGTCCCG,62.07851591038258,ACCAACTTGGCCTTGGAGAG,59.888746506336986,136
101,UPN287,IKZF1,7,50455138 A,50387440,TGGATATTGTGGCCGAAGCT,59.45387808644841,CAGCGCTTACCTGGGTACAG,60.46028408477713,116
102,UPN349,IKZF1,7,50367249 C,50327653,CGCCCGAGACTCACACTTC,60.44455315175844,TTGGAGCTTTGCTGTCCTCC,60.25090138088768,135
103,UPN413,IKZF1,7,50468119 G,50400421,GCTGTCGCTCAAGGAGGAG,60.153666838183995,GTGTTCGCACTTGTACACCT,58.42141732996174,123
104,UPN414,IKZF1,7,50467706 CCAT,50400008,GCCAGCTACGAGAAGGAGAA,59.181704190446055,GGGACCACCTCGGAACCG,62.07851591038258,136
24,UPN002,DNMT3A,2,25462068,25239199,GTTACCCCAGAAGTAGCGGG,59.8226273354328,CATGCTCCTCCTTGGCTCAT,59.816986481148945,113
25,UPN005,DNMT3A,2,25464450,25241581,GTGCTGAGTGTGCAGGGAG,60.67040613389162,GTGAGGACTCCATCACGGTG,60.108614558536146,139
26,UPN007,DNMT3A,2,25470002,25247133,ACCTGCAGGACCTCGTAGAT,60.0330106802175,CAAACAAGGCCTGGCTTGTC,59.967459624019114,136
27,UPN014,DNMT3A,2,25459804,25236935,CATCCTGCCCTTCCTTCTCC,59.81770121749207,CCGTTGGCATCCACTGTGAA,60.888735661495616,125
28,UPN019,DNMT3A,2,25458637,25235768,CCTTTCCATTTCAGTGCACCA,59.03719311555318,AGTTCAGCAAAGTGAGGACCA,59.50951045763833,121
29,UPN030,DNMT3A,2,25467083,25244214,AGGCCCAGCACTCACAAATT,60.17895251118705,AGACCCCTGGAACTGCTACA,60.178903060332686,132
30,UPN030,DNMT3A,2,25470912,25248043,TGGAGAGAGGAGAGCAGGAC,60.03360068726653,GGGGACAAGAATGCCACCAA,60.54176365634942,132
31,UPN039,DNMT3A,2,25457243,25234374,GAAGAGGTGGCGGATGACTG,60.46098669932809,CTCTGCCTTTTCTCCCCCAG,60.03467042380777,128
32,UPN061,DNMT3A,2,25457191,25234322,CCCCCATGTCCCTTACACAC,60.03447706463885,TGACGTCTCCAACATGAGCC,60.0373256491867,126
33,UPN061,DNMT3A,2,25457242,25234373,GAAGAGGTGGCGGATGACTG,60.46098669932809,CTCTGCCTTTTCTCCCCCAG,60.03467042380777,128
34,UPN066,DNMT3A,2,25497862,25274993,CCTCACCTCCCTTTTCCAGC,60.322906406079596,GGAGTCCAGCCTCCGTCA,60.680351689973634,117
35,UPN066,DNMT3A,2,25469503,25246634,CTGGTGTGGATCTGCCTGG,60.07792977358383,ATGATTGAATGGGCCCTGGG,60.10534946885497,120
36,UPN068,DNMT3A,2,25462068,25239199,GTTACCCCAGAAGTAGCGGG,59.8226273354328,CATGCTCCTCCTTGGCTCAT,59.816986481148945,113
37,UPN076,DNMT3A,2,25467083,25244214,AGGCCCAGCACTCACAAATT,60.17895251118705,AGACCCCTGGAACTGCTACA,60.178903060332686,132
38,UPN076,DNMT3A,2,25467198,25244329,TGTAGCAGTTCCAGGGGTCT,60.178903060332686,AGTCTCCTCTGCTCACTGGG,60.6144149520253,116
39,UPN076,DNMT3A,2,25464544,25241675,CATGATCTTCCCCTGGTGCC,60.46692220501029,AGTAACGGTGCTGTCTGCTG,60.3198998014592,139
40,UPN085,DNMT3A,2,25462077,25239208,GTTACCCCAGAAGTAGCGGG,59.8226273354328,CATGCTCCTCCTTGGCTCAT,59.816986481148945,113
41,UPN087,DNMT3A,2,25464556,25241687,CCGTGATGGAGTCCTCACAC,60.108614558536146,AGTAACGGTGCTGTCTGCTG,60.3198998014592,107
42,UPN099,DNMT3A,2,25469614,25246745,ATGGGCTTGTTCTGCACCTC,60.610232454895595,CTGTCCTGACAACCCCAACC,60.53737099570907,133
43,UPN106,DNMT3A,2,25468120,25245251,GTGGACACAGTCAGCCAGAA,59.89329215112559,CCTGTGGGAGCCTCAATGTT,59.96125562726593,138
44,UPN129,DNMT3A,2,25463171,25240302,ACAGGATGAAGCAGCAGTCC,60.03562973326797,TGGGCGTTAGTGACAAGAGG,59.67962628585474,109
45,UPN148,DNMT3A,2,25468153,25245284,CTCAACGGCACCTCTCCTG,60.07954330688972,CATCCCCTCCCTCTGCTTTC,59.81770121749207,138
46,UPN163,DNMT3A,2,25463240,25240371,CCCTCTTGTCACTAACGCCC,60.3912627359764,CTACCGCCTCCTGCATGATG,60.60210630578905,100
47,UPN165,DNMT3A,2,25470002,25247133,ACCTGCAGGACCTCGTAGAT,60.0330106802175,CAAACAAGGCCTGGCTTGTC,59.967459624019114,136
48,UPN166,DNMT3A,2,25457242,25234373,GAAGAGGTGGCGGATGACTG,60.46098669932809,CTCTGCCTTTTCTCCCCCAG,60.03467042380777,128
49,UPN191,DNMT3A,2,25463184,25240315,ACAGGATGAAGCAGCAGTCC,60.03562973326797,TGAGAATGTGGTGGCCATGG,60.323633181975424,126
50,UPN194,DNMT3A,2,25457243,25234374,GAAGAGGTGGCGGATGACTG,60.46098669932809,CTCTGCCTTTTCTCCCCCAG,60.03467042380777,128
51,UPN196,DNMT3A,2,25470554,25247685,AATTTGCCGTCTCCGAACCA,60.25055347008532,GAGCTGGTGTGGGGGAAAC,60.60373905490002,127
52,UPN209,DNMT3A,2,25470028,25247159,CATGGGCTGCTTGTTGTACG,59.8312118799567,AGTGTAAGCCTCGGCAAACA,59.892168942469766,118
53,UPN209,DNMT3A,2,25457242,25234373,GAAGAGGTGGCGGATGACTG,60.46098669932809,CTCTGCCTTTTCTCCCCCAG,60.03467042380777,128
54,UPN212,DNMT3A,2,25471039,25248170,ATTCTTGTCCCCAGCATCGG,60.10701692078908,TGGAAGAAAACCAGGGGCC,59.844844644408795,139
55,UPN217,DNMT3A,2,25469937,25247068,CCAGGCCTCCTAGTGCTCTA,60.10596417921374,CTGAGCTCGTTTTGCAGTGC,60.3852228342285,138
56,UPN219,DNMT3A,2,25467061,25244192,AGGCCCAGCACTCACAAATT,60.17895251118705,AGACCCCTGGAACTGCTACA,60.178903060332686,132
57,UPN223,DNMT3A,2,25463235,25240366,CGCGAGATGTCCCTCTTGTC,60.5265242084991,CTACCGCCTCCTGCATGATG,60.60210630578905,110
58,UPN248,DNMT3A,2,25459821,25236952,CATCCTGCCCTTCCTTCTCC,59.81770121749207,CCGTTGGCATCCACTGTGAA,60.888735661495616,125
59,UPN257,DNMT3A,2,25457242,25234373,GAAGAGGTGGCGGATGACTG,60.46098669932809,CTCTGCCTTTTCTCCCCCAG,60.03467042380777,128
60,UPN257,DNMT3A,2,25457176,25234307,TACCTCAGTTTGCCCCCATG,59.66872177177248,TGACGTCTCCAACATGAGCC,60.0373256491867,138
61,UPN269,DNMT3A,2,25463255,25240386,CCTCTTGTCACTAACGCCCA,59.67962628585474,GGCCGGCTCTTCTTTGAGTT,60.60667272601302,119
62,UPN273,DNMT3A,2,25463308,25240439,GCGATCATCTCCCTCCTTGG,59.96538394190861,CCACACCACTGTCCTATGCA,59.675386199465834,132
63,UPN278,DNMT3A,2,25457242,25234373,GAAGAGGTGGCGGATGACTG,60.46098669932809,CTCTGCCTTTTCTCCCCCAG,60.03467042380777,128
64,UPN292,DNMT3A,2,25457182,25234313,TTTGCCCCCATGTCCCTTAC,59.95950125112586,TGACGTCTCCAACATGAGCC,60.0373256491867,130
65,UPN312,DNMT3A,2,25462006,25239137,GTCATCCCACCTGCAGTCC,60.07814307378118,GCCAAAGAAGTGTCAGCTGC,60.03970767309926,121
66,UPN314,DNMT3A,2,25464543,25241674,CATGATCTTCCCCTGGTGCC,60.46692220501029,AGTAACGGTGCTGTCTGCTG,60.3198998014592,139
67,UPN323,DNMT3A,2,25463289,25240420,CCATGGCCACCACATTCTCA,60.323633181975424,TGGCTTTCTCTTCCGACCTC,59.39136011117671,134
68,UPN326,DNMT3A,2,25463233,25240364,CGCGAGATGTCCCTCTTGTC,60.5265242084991,CTACCGCCTCCTGCATGATG,60.60210630578905,110
69,UPN328,DNMT3A,2,25467099,25244230,AGCGAAGAACATCTGGAGCC,60.10794501547315,CCCAGGCAGCCATTAAGGAA,60.03320786519299,115
70,UPN344,DNMT3A,2,25469099,25246230,ACCTCTTGTGCGCTCATCAA,59.96468314902768,TGTACACGGACATGTGGGTG,59.96580226551771,127
71,UPN345,DNMT3A,2,25462059,25239190,CGGGAAGGTTACCCCAGAAG,59.747802913668465,CATGCTCCTCCTTGGCTCAT,59.816986481148945,120
72,UPN346,DNMT3A,2,25469939,25247070,CCAGGCCTCCTAGTGCTCTA,60.10596417921374,CTGAGCTCGTTTTGCAGTGC,60.3852228342285,138
73,UPN346,DNMT3A,2,25467496,25244627,CAGCAGTTGTTGTTTCCGCA,59.89967528691113,TTCCCGCTGCTGTCTAGAAC,59.753365172326085,126
74,UPN348,DNMT3A,2,25458595,25235726,GCACAGCAATCAGAACAGCC,60.10941175720643,CAGGGCAAAGACCAGCATTT,59.02861369714947,127
75,UPN349,DNMT3A,2,25463320,25240451,GCGATCATCTCCCTCCTTGG,59.96538394190861,CCACACCACTGTCCTATGCA,59.675386199465834,132
76,UPN350,DNMT3A,2,25470942,25248073,GTGAAGAAGCCGCTCACCT,60.00443992544808,CATCCCCCACTGTGGCTAC,59.77540756375436,111
77,UPN351,DNMT3A,2,25457243,25234374,GAAGAGGTGGCGGATGACTG,60.46098669932809,CTCTGCCTTTTCTCCCCCAG,60.03467042380777,128
78,UPN352,DNMT3A,2,25467083,25244214,AGGCCCAGCACTCACAAATT,60.17895251118705,AGACCCCTGGAACTGCTACA,60.178903060332686,132
79,UPN372,DNMT3A,2,25469932,25247063,CCAGGCCTCCTAGTGCTCTA,60.10596417921374,CTGAGCTCGTTTTGCAGTGC,60.3852228342285,138
80,UPN385,DNMT3A,2,25497850,25274981,CGCCTCACCTCCCTTTTCC,60.37733278073557,GGAGTCCAGCCTCCGTCA,60.680351689973634,119
81,UPN396,DNMT3A,2,25458593,25235724,GCACAGCAATCAGAACAGCC,60.10941175720643,CAGGGCAAAGACCAGCATTT,59.02861369714947,127
82,UPN398,DNMT3A,2,25463508,25240639,GAGGAAGCCTATGTGCGGAA,59.82193174678656,GTCCCTGCAATGACCTCTCC,60.10745937656958,110
83,UPN404,DNMT3A,2,25464552,25241683,CCGTGATGGAGTCCTCACAC,60.108614558536146,AGTAACGGTGCTGTCTGCTG,60.3198998014592,107
84,UPN406,DNMT3A,2,25457242,25234373,GAAGAGGTGGCGGATGACTG,60.46098669932809,CTCTGCCTTTTCTCCCCCAG,60.03467042380777,128
85,UPN407,DNMT3A,2,25457242,25234373,GAAGAGGTGGCGGATGACTG,60.46098669932809,CTCTGCCTTTTCTCCCCCAG,60.03467042380777,128
86,UPN408,DNMT3A,2,25457243,25234374,GAAGAGGTGGCGGATGACTG,60.46098669932809,CTCTGCCTTTTCTCCCCCAG,60.03467042380777,128
87,UPN413,DNMT3A,2,25464535,25241666,CATGATCTTCCCCTGGTGCC,60.46692220501029,AGTAACGGTGCTGTCTGCTG,60.3198998014592,139
88,UPN414,DNMT3A,2,25468159,25245290,GTGTGCTCCTACCTTGCAGT,59.96454244930567,CATCCCCTCCCTCTGCTTTC,59.81770121749207,114
89,UPN417,DNMT3A,2,25463286,25240417,CCATGGCCACCACATTCTCA,60.323633181975424,TGGCTTTCTCTTCCGACCTC,59.39136011117671,134
90,UPN418,DNMT3A,2,25457243,25234374,GAAGAGGTGGCGGATGACTG,60.46098669932809,CTCTGCCTTTTCTCCCCCAG,60.03467042380777,128
91,UPN420,DNMT3A,2,25462075,25239206,GTTACCCCAGAAGTAGCGGG,59.8226273354328,CATGCTCCTCCTTGGCTCAT,59.816986481148945,113
92,UPN432,DNMT3A,2,25462068,25239199,GTTACCCCAGAAGTAGCGGG,59.8226273354328,CATGCTCCTCCTTGGCTCAT,59.816986481148945,113
125,UPN080,SF3B1,2,198267360 T,197402636,TCTAAGATGTGGCAAGATGGC,58.07687940767522,AGCTGTGTGCAAAAGCAAGA,58.89454317078747,105
126,UPN206,SF3B1,2,198266834 T,197402110,ACCATAAGGAGTTGCTGCTTCA,59.959721914351405,TGGGGCATAGTTAAAACCTGTGT,60.18142710097021,117
127,UPN264,SF3B1,2,198266575 A,197401851,GGAGACTGGAATTCTCGAATAAGGA,59.930749167345425,TAGGGTTTGGCTGCTTTCTT,57.324342432870026,118
128,UPN328,SF3B1,2,198266834 T,197402110,ACCATAAGGAGTTGCTGCTTCA,59.959721914351405,TGGGGCATAGTTAAAACCTGTGT,60.18142710097021,117
129,UPN341,SF3B1,2,198266713 C,197401989,ATGTCGCCTTAACTTTAATGAAGAT,57.13429438879092,TGAAGCAGCAACTCCTTATGGT,59.959721914351405,136
130,UPN347,SF3B1,2,198267359 C,197402635,TCTAAGATGTGGCAAGATGGC,58.07687940767522,AGCTGTGTGCAAAAGCAAGA,58.89454317078747,105
131,UPN371,SF3B1,2,198267359 C,197402635,TCTAAGATGTGGCAAGATGGC,58.07687940767522,AGCTGTGTGCAAAAGCAAGA,58.89454317078747,105
132,UPN401,SF3B1,2,198266834 T,197402110,ACCATAAGGAGTTGCTGCTTCA,59.959721914351405,TGGGGCATAGTTAAAACCTGTGT,60.18142710097021,117
133,UPN421,SF3B1,2,198267360 T,197402636,TCTAAGATGTGGCAAGATGGC,58.07687940767522,AGCTGTGTGCAAAAGCAAGA,58.89454317078747,105
93,UPN060,ETV6,12,12022496,11869562,GCTCCAGGTCACCTATCACG,59.89679249776856,GGGTCCCTGAGCTCTCTCA,59.99900694390357,121
94,UPN300,ETV6,12,12037459,11884525,CAGTTGCTTTCTGACAGCCG,59.76328945386723,GTTTCCCCACAGTCGAGCC,60.671379111169585,107
99,UPN398,GNB1,1,1737976 G,1806537,TGTTGGTGGTGTAGCTGTCC,59.892168942469766,CACTTTCTGTGTTGTGCGGT,59.26742873121151,113
108,UPN246,JAK3,19,17947952 C,17837143,CAGAGGTGGGAAGAACAGCC,60.32200845663465,CAAGTGTCGTACCGGCATCT,60.108803677696926,122
116,UPN072,PPM1D,17,58740674 G,60663313,CAACAAACACTGTCATGGACCA,59.312575367002864,CTTCTTCATCAGGGGGCCAG,60.10681861307097,139
117,UPN202,PPM1D,17,58740521 GA,60663160,GCTCGAGAGAATGTCCAAGGT,59.79410690703776,GCACAAGGCCAATTGGAAGG,60.037045706206925,129
118,UPN407,PPM1D,17,58740611 ACTGTCATGGACCAAAAAAAT,60663250,ATTGCGCTAAAGCCCTGACT,60.03505563904906,GGCTTTCATTTGGCCAGGAG,59.466048520338916,139
119,UPN414,PPM1D,17,58740809 C,60663448,GCCCCCTGATGAAGAAGCAT,60.106318305406376,CTTCTGGCCCCTAAGTCTGC,60.10745937656958,133
134,UPN046,SRSF2,17,74732959 G,76736877,--,--,--,--,--
135,UPN164,SRSF2,17,74732959 G,76736877,--,--,--,--,--
136,UPN249,SRSF2,17,74732954 C,76736872,--,--,--,--,--
184,UPN039,TP53,17,7577082 C,7673764,TACCTCGCTTAGTGCTCCCT,60.03340453353343,GAACAGCTTTGAGGTGCGTG,60.040958388966146,121
185,UPN045,TP53,17,7574023 C,7670705,CTGGGCATCCTTGAGTTCCA,59.67073939036379,ACTTACTTCTCCCCCTCCTCT,58.98776419673709,99
186,UPN046,TP53,17,7577580 T,7674262,GATGATGGTGAGGATGGGCC,60.251076690302455,CCTCATCTTGGGCCTGTGTT,59.96125562726593,121
187,UPN052,TP53,17,7577548 C,7674230,CAAGTGGCTCCTGACCTGG,60.002868353286715,TGGCTCTGACTGTACCACCA,60.4710222311503,122
188,UPN104,TP53,17,7577121 G,7673803,GGTGAGGCTCCCCTTTCTTG,60.322906406079596,TGCCTCTTGCTTCTCTTTTCCT,59.89279584662188,139
189,UPN216,TP53,17,7578454 G,7675136,GCTGCTCACCATCGCTATCT,59.96677213689446,GCAGCTGTGGGTTGATTCCA,60.89510011167948,139
190,UPN243,TP53,17,7578427 T,7675109,GCTGCTCACCATCGCTATCT,59.96677213689446,GCAGCTGTGGGTTGATTCCA,60.89510011167948,139
191,UPN333,TP53,17,7579317 A,7675999,ATACGGCCAGGCATTGAAGT,59.74410961847616,GAAAACCTACCAGGGCAGCT,59.961689932627735,127
192,UPN348,TP53,17,7578452,7675134,GCTGCTCACCATCGCTATCT,59.96677213689446,GCAGCTGTGGGTTGATTCCA,60.89510011167948,139
193,UPN381,TP53,17,7577548,7674230,CAAGTGGCTCCTGACCTGG,60.002868353286715,TGGCTCTGACTGTACCACCA,60.4710222311503,122
120,UPN075,RAD21,8,117864840 TG,116852601,ACCGATAACATCACGCTGCT,59.824240009292,AGGAGGAAAGGAGGAGAGGC,60.326142929553384,113
121,UPN304,RAD21,8,117859882 A,116847643,GGTTCTTCCTGTGTCAGCTCA,59.929242352463575,GCTCTTGCTAAAACTGGAGCTG,59.83878932628039,139
122,UPN347,RAD21,8,117868939 T,116856700,ACAATCATCCCCAGAATCACTG,58.10524123347102,TGGCGGTATCTTTGATGATCCC,60.224523454278255,138
123,UPN399,RAD21,8,117861221 C,116848982,TCTGAGACAACAGCGGCAAT,59.96468314902768,ATGAAGATGCATCAGGGGGC,60.17896970189258,104
124,UPN434,RAD21,8,117868517 A,116856278,TCAGTCATGGTTGGCATTGGT,60.20303781745781,TTTCTCCTCCCCATTTGTGG,57.396925341704275,139
138,UPN019,TET2,4,106197108,105275951,ACATGCTTTCCCACACAGCT,60.17898108760545,TGGCTGCTTTTCCTGACCAT,59.887004938622965,124
139,UPN046,TET2,4,106196457,105275300,TCCAAACTCTTCACACACTTCAGA,60.08114237168837,CCAGGGTAAGGGTTCATGGG,59.741225718657574,122
140,UPN047,TET2,4,106193748,105272591,TGGGACCTGTAGTTGAGGCT,60.178903060332686,ACGTGAAGCTGCTCATCCTC,60.108424477153164,110
141,UPN048,TET2,4,106155317,105234160,GAGACACCAAGTGGCACTCT,59.605435246846696,CCTCCATTTTGCAAACACTTGG,58.86707493054456,129
142,UPN054,TET2,4,106182915,105261758,GGGATTCAAAATGTAAGGGGAATAA,57.330910792201166,AGAGTGGACAGGTTTTGCAA,57.56462767112623,139
143,UPN058,TET2,4,106157282,105236125,GGCTTCAGAGACTGAGCCAT,59.459077160087645,GCTGTTGCTGGTTTTGAGGG,59.967459624019114,115
144,UPN060,TET2,4,106196267,105275110,GCGACTTTCAGGACCAGTCA,59.96649591440473,GTCTGAGGGTGATGTGGCTG,60.39219335438497,116
145,UPN060,TET2,4,106197057,105275900,TGCCCTGCATCTCCAAAACA,60.178966846150274,GTGTAAGCCTCCTTGGACACA,59.92830083240244,117
146,UPN060,TET2,4,106156097,105234940,GCCAGTAAACTAGCTGCAATGC,60.47853908120152,CCAGACGCTAGCTTTGTGGT,60.32077056485042,136
147,UPN066,TET2,4,106155920,105234763,CGGTGCAGAAAACCACATCTC,59.802279490651415,CTTTGGAGGCAGCTCAGAGT,59.67571489266339,139
148,UPN067,TET2,4,106196331,105275174,TACAGAAGCAGCCACCACAG,59.96468314902768,TTGGGCCGTCTCATGTATGG,59.819828790632016,129
149,UPN071,TET2,4,106155764,105234607,CAGTGCTAATGCCTAATGGTGC,59.96619918269789,TGGTTTTCTGCACCGCAATG,59.96814276001453,125
150,UPN084,TET2,4,106157348,105236191,GGCAGCACAAACACAACCAT,59.89532901784224,GGGGGTGAGGAAAAGTCTGG,59.961689932627735,112
151,UPN097,TET2,4,106196561,105275404,CCCATGAACCCTTACCCTGG,59.741225718657574,GATCCATCGGCTGAGACTGG,59.96677213689446,132
152,UPN108,TET2,4,106190894,105269737,CTCAGGGGTCACTGCATGTT,59.96269673577672,AGAACAGACTCAACAGCTGCT,59.58434095543612,122
153,UPN122,TET2,4,106164933,105243776,AGACGCTGAGGAAATACGGC,60.179107877197396,CCTATCAGTGGCCGCAAAGA,60.10770297561146,100
154,UPN161,TET2,4,106156417,105235260,CCACAGGTTCCTCAGCTTCC,60.32200845663465,GGTGCCTCAGGTTTACCCTC,60.035343242923716,136
155,UPN161,TET2,4,106156423,105235266,CCACAGGTTCCTCAGCTTCC,60.32200845663465,GGTGCCTCAGGTTTACCCTC,60.035343242923716,136
156,UPN184,TET2,4,106196741,105275584,CCAAGCCAAGACCCTCTGTC,60.32200845663465,GCTGAAACCATCTCCCTGCA,60.32281608817732,137
157,UPN209,TET2,4,106190858,105269701,GTCTGGGTCTGAAGGAAGGC,60.03591511653627,TGCTGCCATTCTGCATGTTG,59.75473360861764,101
158,UPN215,TET2,4,106164913,105243756,TCATCCTGGTGTGGGAAGGA,60.17887642578097,GCCCTGGGCTTCACTTACTC,60.39313234048154,135
159,UPN242,TET2,4,106158349,105237192,AATGTCAGGGCCAGTCACAG,59.96269673577672,GCAGCTGTTCTTTTGGTTGGT,59.86310936258644,122
160,UPN242,TET2,4,106157467,105236310,CCCAAAGCAACAATGATCAGCA,60.02883906064335,ACTTCCTCCAGTCCCATTTGG,59.644280167641114,138
161,UPN243,TET2,4,106193892,105272735,AGTGTGGAAGCTCAGGAGGA,60.17892064054837,TGTCGGCAAGTCTTGACTGG,60.24986828736718,106
162,UPN243,TET2,4,106156097,105234940,GCCAGTAAACTAGCTGCAATGC,60.47853908120152,CCAGACGCTAGCTTTGTGGT,60.32077056485042,136
163,UPN257,TET2,4,106157591,105236434,ATCGTAGAAATTCCCCTTATAGTCA,57.14906514666421,TGTTTCCTGCAAAAAGTTCAGG,57.87785661867463,134
164,UPN260,TET2,4,106157407,105236250,CCCTCAAAACCAGCAACAGC,59.967459624019114,TTCTTCCACTTTAGTCTGGCC,57.58131630203559,135
165,UPN265,TET2,4,106190906,105269749,CTCAGGGGTCACTGCATGTT,59.96269673577672,AGAACAGACTCAACAGCTGCT,59.58434095543612,122
166,UPN270,TET2,4,106197379,105276222,TGCATGCCACAACCCCTTTA,60.17894963289234,TTCCCAAAGAGCCAAGCCAT,59.88504555264484,115
167,UPN275,TET2,4,106164930,105243773,AGACGCTGAGGAAATACGGC,60.179107877197396,CCTATCAGTGGCCGCAAAGA,60.10770297561146,100
168,UPN292,TET2,4,106190882,105269725,CTGAAGGAAGGCCGTCCATT,60.03505563904906,GTCCTCAGCCCAACTTACCA,59.30923814934687,116
169,UPN314,TET2,4,106157162,105236005,CACCAGGTGCACTTCTCCAA,60.179020473935054,TGCTGTTTCAACACTGGGGA,59.74267238692755,133
170,UPN338,TET2,4,106197276,105276119,GACAGCGAGCAGAGCTTTCT,60.38968653807228,TAAAGGGGTTGTGGCATGCA,60.17894963289234,113
171,UPN343,TET2,4,106156758,105235601,CTGCCAGCAGTTGATGAGAA,58.1826425453408,TGAAAACGAGGGGCCTTCAA,59.81602914126671,134
172,UPN353,TET2,4,106194049,105272892,TCCTCCCTGGAGAACAGCTC,60.61611098859174,TGCTTTACATTAAATTTACCTGCCA,57.7666109516627,118
173,UPN372,TET2,4,106164065,105242908,GGTTTGGACAGAAGGGTAAAGC,59.44294426745347,GCCCAAGATTTAAGACCAAAGGC,60.36842714010163,136
174,UPN372,TET2,4,106158124,105236967,CATGCCTGTATGCACACAGC,59.900031562164315,GATGCTGCTCCATGGTCTCA,59.820298226505315,126
175,UPN376,TET2,4,106197378,105276221,TGCATGCCACAACCCCTTTA,60.17894963289234,TTCCCAAAGAGCCAAGCCAT,59.88504555264484,115
176,UPN395,TET2,4,106197315,105276158,CTGGATCCTGACATTGGGGG,59.81554859257591,GATCCTGGTGGGGTGATTCC,59.816268945004765,128
177,UPN398,TET2,4,106158550,105237393,GCAGATGTGTAGGTAAGTGCC,58.719371661426976,AGCCTTTACAAATTGCTGCCA,59.030076761431246,131
178,UPN406,TET2,4,106155811,105234654,TTCTGCCTCTTCCGTGGAAC,59.96510416451275,AGTAGCCTGACTGTTAATGGCA,59.42834696218864,132
179,UPN409,TET2,4,106196364,105275207,GCCACATCACCCTCAGACAG,60.39219335438497,GGGCTGGTGCTTCCATAGAT,59.52409372343254,137
180,UPN414,TET2,4,106155748,105234591,GCAGGAGGGGAAAAGTGCTA,59.67174227846476,ACAGTGTTTTTTCCAGGAGTTC,57.01632886944958,139
181,UPN417,TET2,4,106158472,105237315,ACAGCTGCTTCTGTTCTCAA,57.37248543790247,GGCACTTACCTACACATCTGC,58.719371661426976,132
182,UPN419,TET2,4,106156262,105235105,GTGGCAGCTCTGAACGGTAT,60.10813753478658,AGGAGGGGGAGAAAGAAGCA,60.178861489964106,139
183,UPN429,TET2,4,106197372,105276215,TGCATGCCACAACCCCTTTA,60.17894963289234,TTCCCAAAGAGCCAAGCCAT,59.88504555264484,115
194,UPN011,U2AF1,21,44514777,43094667,CTGTGCTCAGTCACGTCAC,58.4890515640252,CGTTGGTTTAATGGACAGCCG,60.13580267494217,122
195,UPN186,U2AF1,21,44524456,43104346,ACATGAAAAAAAGGCAAACAAACC,58.05141175350519,TCAGCTCTCATTTTCCCTTACAGA,59.46787361649859,133
196,UPN417,U2AF1,21,44514879,43094769,CGTGGATCGGCTGTCCATTA,59.89587957132136,TGGATGGCAAGCACTTCTGT,59.8889387510481,109
