	sample	SeqRun	Chr	Start	End	Ref	Alt	Func	Gene	GeneDetail	ExonicFunc	AAChange	cytoBand	ChipID	ChipPub	ChipFreq	isCandidate	isDriver	somatic_status	TR1	TR1+	TR2	TR2+	NR1	NR1+	NR2	NR2+	somaticP	variantP	Tdepth	TVAF	Ndepth	NVAF	FisherScore	EBscore	PoN-Ref	PoN-Alt	PoN-Ref-Sum	PoN-Alt-Sum	PoN-Alt-NonZeros	PoN-Ratio	ClinScore	cosmic90_MutID	cosmic90_type	cosmic90_score	cosmic70_ID	cosmic70_freq	cosmic70_type	cosmic70_score	CLNALLELEID	CLNDN	CLNSIG	clinvar_score	icgc29_ID	icgc29_freq	esp6500siv2_all	gnomAD_exome_ALL	avsnp150	SIFT_converted_rankscore	SIFT_pred	Polyphen2_HDIV_score	Polyphen2_HDIV_rankscore	Polyphen2_HDIV_pred	Polyphen2_HVAR_score	Polyphen2_HVAR_rankscore	Polyphen2_HVAR_pred	Filter1	TumorHDRcand	TumorHDRcount	TumorHDRinfo	NormalHDRcand	NormalHDRcount	NormalHDRinfo	fwd-Primer	rev_Primer	Temp	AmpliconSize	InsertSize	InsertRange	offsetL	note	SarahCall	SarahNote	MarlonCall	MarlonTags
1	1	FDAH1	chr1	1044368	1044368	A	T	exonic	AGRN		nonsynonymous SNV	AGRN:NM_198576:exon12:c.A2183T:p.E728V	1p36.33				0	0	Germline	124	78	105	65	106	61	79	53	0.29419	0.0	229	0.459	185	0.4270000000000001	0.5	60.0	154|148|172|125|115|164|132|173|186|171|137|187|154|167|90|61|91|107|88|96|102|53|57|62|80-123|121|124|46|43|66|39|72|64|64|49|69|59|34|29|26|14|25|17|32|27|19|15|19|16	0|0|0|0|0|0|0|0|0|0|0|0|0|0|0|0|0|0|0|0|0|0|0|0|0-0|0|0|0|0|0|0|0|0|0|0|0|0|0|0|0|0|1|0|0|0|0|0|0|0	4284	1	1	0.00023342670401493927	2.0			0.0		0		0	133743.0	Myasthenic_syndrome,_congenital,_8|not_specified	Benign	1.0			0.0311	0.03	rs113288277	0.433	D	0.998	0.715	D	0.986	0.754	D	True																		
2	1	FDAH1	chr1	1361250	1361250	G	A	exonic	MXRA8		nonsynonymous SNV	MXRA8:NM_001282583:exon1:c.C14T:p.A5V	1p36.33				0	0	Somatic	114	86	3	2	136	97	0	0	0.097532	1.0	117	0.026	136	0.0	-0.0	2.213	99|93|112|131|77|130|116|167|120|152|118|99|129|140|71|37|59|66|40|60|84|50|51|58|58-44|50|44|29|27|31|31|42|29|34|36|24|31|17|18|12|8|17|4|8|9|8|15|16|9	0|0|1|0|0|0|0|0|0|0|0|0|0|0|0|0|0|0|0|0|0|0|0|0|1-0|0|0|0|0|0|0|0|0|0|0|0|0|0|0|0|0|0|0|0|0|0|0|0|0	2910	2	2	0.0006872852233676976	7.2	117202664.0	1x(ductal_carcinoma@pancreas)	1.0		0		0				0.0	MU1687452	0.0026	0.0	3.739e-05	rs757253015	0.027000000000000003	T	0.953	0.523	P	0.16699999999999998	0.335	B	True																		
3	1	FDAH1	chr1	1399095	1399095	G	C	exonic	CCNL2		nonsynonymous SNV	CCNL2:NM_001039577:exon1:c.C212G:p.T71S,CCNL2:NM_030937:exon1:c.C212G:p.T71S	1p36.33				0	0	Germline	257	203	209	171	206	150	181	145	0.73551	0.0	466	0.448	387	0.468	3.2	3.196	455|486|438|233|149|286|315|351|339|294|270|247|261|197|119|73|129|188|117|137|163|116|109|125|139-111|133|117|52|44|68|55|89|93|68|57|54|40|25|16|14|9|28|16|21|12|15|13|9|20	0|0|223|0|0|0|0|0|0|0|0|0|0|0|0|0|0|0|0|0|0|0|0|0|0-0|0|48|0|0|0|0|0|0|0|0|0|0|0|0|0|0|0|0|0|0|0|0|0|0	6915	271	2	0.039190166305133764	0.0			0.0		0		0				0.0			0.0249	0.0237	rs17851391	0.083	T	0.002	0.201	B	0.003	0.227	B	True																		
4	1	FDAH1	chr1	2303956	2303956	C	T	exonic	SKI		nonsynonymous SNV	SKI:NM_003036:exon4:c.C1328T:p.P443L	1p36.32				0	0	Germline	296	195	252	185	215	140	179	125	0.45949	0.0	548	0.46	394	0.454	12.0	60.0	347|380|345|299|171|294|351|390|409|362|320|367|348|277|160|107|187|264|195|174|207|144|120|168|174-196|219|197|103|82|129|142|126|169|106|103|136|115|54|37|36|13|54|41|39|22|27|29|24|29	0|0|0|0|0|0|0|0|0|0|0|0|0|0|0|0|0|0|0|0|0|0|0|0|0-0|0|0|0|0|0|0|0|0|0|0|0|0|0|0|0|0|0|0|0|0|0|0|0|0	8788	0	0	0.0	0.0			0.0		0		0				0.0			0.0	0.0		0.546	D	0.02	0.17	B	0.01	0.139	B	True																		
5	1	FDAH1	chr1	5880183	5880183	G	A	exonic	NPHP4		nonsynonymous SNV	NPHP4:NM_001291594:exon15:c.C1006T:p.R336W,NPHP4:NM_001291593:exon16:c.C1003T:p.R335W,NPHP4:NM_015102:exon19:c.C2542T:p.R848W	1p36.31				0	0	Germline	159	126	123	102	137	111	104	81	0.4929	0.0	282	0.436	241	0.4320000000000001	3.5	3.443	178|233|228|307|188|253|308|300|203|275|303|317|309|331|144|133|159|189|126|170|214|158|181|157|167-47|55|64|58|74|67|56|52|43|48|53|64|50|48|14|18|6|15|8|23|19|13|14|11|13	0|0|0|0|1|0|0|130|0|0|0|0|0|0|0|0|0|0|0|0|0|0|0|0|0-0|0|0|0|0|0|0|19|0|0|0|0|0|0|0|0|0|0|0|0|0|0|0|0|0	6464	150	2	0.02320544554455445	2.0			0.0		0		0	101572.0	Nephronophthisis|not_specified	Benign	1.0			0.0159	0.0155	rs17472401	0.546	D	1.0	0.899	D	0.984	0.745	D	True																		
6	1	FDAH1	chr1	6451986	6451986	C	G	exonic	ESPN		nonsynonymous SNV	ESPN:NM_031475:exon10:c.C2215G:p.L739V	1p36.31				0	0	Germline	118	55	88	41	78	40	86	47	0.97538	0.0	206	0.4270000000000001	164	0.524	-0.0	60.0	126|98|118|107|93|103|119|123|160|133|107|171|117|132|55|41|73|74|83|58|62|38|44|38|60-124|129|126|51|42|57|64|79|80|71|59|83|54|37|40|22|21|32|24|33|22|16|12|14|11	0|0|0|0|0|0|0|0|0|0|0|0|0|0|0|0|0|0|0|0|0|0|0|0|0-0|0|0|0|0|0|0|0|0|0|0|0|0|0|0|0|0|0|0|0|0|0|0|0|0	3636	0	0	0.0	3.0			0.0		0		0	496629.0	not_specified	Likely_benign	1.5			7.7e-05	5.944e-05	rs368795540	0.912	D	0.5660000000000001	0.366	P	0.138	0.318	B	True																		
7	1	FDAH1	chr1	6633042	6633042	C	T	exonic	THAP3		nonsynonymous SNV	THAP3:NM_001195752:exon5:c.C682T:p.L228F,THAP3:NM_001195753:exon6:c.C685T:p.L229F	1p36.31				0	0	Germline	0	0	187	113	0	0	172	119	1.0	0.0	187	1.0	172	1.0	-0.0	60.0	158|162|176|127|75|102|98|152|144|129|126|118|122|97|60|48|68|79|49|46|48|51|41|32|73-104|100|86|54|25|58|50|64|68|66|46|57|54|26|30|24|11|31|21|23|12|25|16|16|25	0|0|0|0|0|0|0|0|0|0|0|0|0|0|0|0|0|0|0|0|0|0|0|0|0-0|0|0|0|0|0|0|0|0|0|0|0|0|0|0|0|0|0|0|0|0|0|0|0|0	3473	0	0	0.0	0.0			0.0		0		0				0.0			0.0188	0.0165	rs56014220	0.231	T	0.574	0.368	P	0.206	0.354	B	True																		
9	1	FDAH1	chr1	8325387	8325387	A	G	exonic	SLC45A1		nonsynonymous SNV	SLC45A1:NM_001080397:exon3:c.A589G:p.I197V	1p36.23				0	0	Germline	167	96	132	81	130	78	105	67	0.58367	0.0	299	0.441	235	0.447	2.6	60.0	141|202|186|256|85|206|195|186|169|222|231|231|233|185|96|75|97|101|74|76|107|99|98|116|75-122|128|148|112|60|116|103|99|110|134|117|112|109|75|48|51|25|42|33|33|33|38|30|24|39	0|0|0|0|0|0|0|0|0|0|0|0|0|0|0|0|0|0|0|0|0|0|0|0|0-0|0|0|0|0|0|0|0|0|0|0|0|0|0|0|0|0|0|0|0|0|0|0|0|0	5683	0	0	0.0	8.0	116463340.0	2x(carcinoma@breast)	2.0	COSM3805962,COSM3805961	1	breast	1				0.0	MU4852938	0.001	0.0	4.0660000000000005e-06	rs745662766	0.046	T	0.015	0.158	B	0.032	0.208	B	True																		
10	1	FDAH1	chr1	9597021	9597021	A	C	exonic	TMEM201		nonsynonymous SNV	TMEM201:NM_001010866:exon3:c.A397C:p.K133Q,TMEM201:NM_001130924:exon3:c.A397C:p.K133Q	1p36.22				0	0	Somatic	106	68	3	0	102	64	0	0	0.13601	1.0	109	0.028	102	0.0	12.9	2.278	67|57|73|73|44|51|59|80|80|85|51|96|75|69|40|34|31|47|20|27|46|36|15|23|28-65|72|67|30|39|29|40|48|45|44|27|48|34|20|17|15|8|12|10|21|8|12|16|18|13	0|0|0|0|0|0|0|0|0|0|0|0|0|0|0|0|0|0|0|0|0|0|0|0|0-0|0|0|0|0|0|0|0|0|0|0|0|0|0|0|0|0|0|0|0|0|0|0|0|0	2065	0	0	0.0	0.0			0.0		0		0				0.0			0.0	0.0		0.405	T	1.0	0.899	D	1.0	0.971	D	True																		
11	1	FDAH1	chr1	10643176	10643176	C	T	exonic	CASZ1		nonsynonymous SNV	CASZ1:NM_001079843:exon19:c.G4004A:p.R1335H	1p36.22				0	0	Germline	94	63	74	51	71	57	84	61	0.97351	0.0	168	0.44	155	0.542	0.6	60.0	138|126|109|84|83|109|86|85|102|103|92|117|79|70|38|42|45|49|31|56|44|22|20|32|31-63|83|72|19|25|35|27|43|33|29|36|34|25|7|13|14|6|8|17|10|11|4|6|5|9	0|0|0|0|0|0|0|0|0|0|0|0|0|0|0|0|0|0|0|0|0|0|0|0|0-0|0|0|0|0|0|0|0|0|0|0|0|0|0|0|0|0|0|0|0|0|0|0|0|0	2427	0	0	0.0	5.0			0.0		0		0				0.0	MU130129284	0.0025	0.0	2.04e-05	rs531901811	0.721	D	1.0	0.899	D	0.996	0.8320000000000001	D	True																		
12	1	FDAH1	chr1	11858322	11858322	C	A	exonic	NPPB		nonsynonymous SNV	NPPB:NM_002521:exon2:c.G280T:p.V94F	1p36.22				0	0	Germline	117	84	84	61	113	81	84	60	0.60752	0.0	201	0.418	197	0.426	-0.0	60.0	180|182|202|151|109|174|165|161|152|147|136|206|172|154|73|67|78|84|89|81|76|69|51|75|84-74|79|78|46|52|50|30|66|61|43|29|81|38|38|25|19|9|12|21|19|17|14|19|16|17	0|0|0|0|0|0|0|0|0|0|0|0|0|0|0|0|0|0|0|0|0|0|0|0|0-0|0|0|0|0|0|0|0|0|0|0|0|0|0|0|0|0|0|0|0|0|0|0|0|0	4071	0	0	0.0	8.2	97977548.0	1x(adenocarcinoma@large_intestine)	1.0		0		0				0.0	MU46355848	0.0031	0.0022	0.0034	rs35640285	0.172	T	0.868	0.458	P	0.325	0.401	B	True																		
13	1	FDAH1	chr1	12725527	12725527	T	G	exonic	AADACL3		nonsynonymous SNV	AADACL3:NM_001103170:exon4:c.T755G:p.F252C	1p36.21				0	0	Germline	188	135	177	126	171	122	150	107	0.35015	0.0	365	0.485	321	0.467	0.4	1.493	272|326|282|301|181|278|301|333|214|348|369|279|338|301|177|148|132|185|145|151|221|190|179|157|197-118|117|147|104|60|87|94|104|75|98|89|77|94|74|41|70|24|43|42|46|41|46|59|47|44	133|0|0|155|0|0|0|0|0|183|190|151|1|0|0|97|0|0|0|67|0|0|89|0|94-56|0|0|59|0|0|0|0|0|57|47|43|0|0|0|41|0|0|0|27|0|0|41|0|28	7846	1559	18	0.1986999745093041	0.0			0.0		0		0				0.0			0.0	0.0	rs7513079									True																		
14	1	FDAH1	chr1	12760937	12760937	C	T	exonic	C1orf158		nonsynonymous SNV	C1orf158:NM_001330361:exon3:c.C457T:p.L153F,C1orf158:NM_152290:exon4:c.C571T:p.L191F	1p36.21				0	0	Germline	73	41	51	23	55	32	51	27	0.8841399999999999	9.3061e-38	124	0.411	106	0.481	5.6	1.369	64|74|65|71|49|53|56|79|69|69|72|96|68|86|37|17|50|39|22|32|49|35|26|45|36-62|66|61|52|30|33|35|36|39|39|47|67|31|38|18|12|5|11|19|19|22|21|18|14|9	0|0|0|33|0|0|0|0|0|0|29|49|0|0|0|9|0|0|0|15|0|0|13|0|17-0|0|0|25|0|0|0|0|0|0|25|28|0|0|0|8|0|0|0|11|0|0|8|0|3	2163	273	14	0.1262135922330097	0.0			0.0		0		0				0.0			0.0	0.0	rs1132185									True																		
